name,email
User1,user1@gmail.com
User2,user2@gmail.com
User3,user3@gmail.com
User4,user4@gmail.com
User5,user5@gmail.com
User6,user6@gmail.com
User7,user7@gmail.com
User8,user8@gmail.com
User9,user9@gmail.com
User10,user10@gmail.com
User11,user11@gmail.com
User12,user12@gmail.com
User13,user13@gmail.com
User14,user14@gmail.com
User15,user15@gmail.com
User16,user16@gmail.com
User17,user17@gmail.com
User18,user18@gmail.com
User19,user19@gmail.com
User20,user20@gmail.com
User21,user21@gmail.com
User22,user22@gmail.com
User23,user23@gmail.com
User24,user24@gmail.com
User25,user25@gmail.com
User26,user26@gmail.com
User27,user27@gmail.com
User28,user28@gmail.com
User29,user29@gmail.com
User30,user30@gmail.com
User31,user31@gmail.com
User32,user32@gmail.com
User33,user33@gmail.com
User34,user34@gmail.com
User35,user35@gmail.com
User36,user36@gmail.com
User37,user37@gmail.com
User38,user38@gmail.com
User39,user39@gmail.com
User40,user40@gmail.com
User41,user41@gmail.com
User42,user42@gmail.com
User43,user43@gmail.com
User44,user44@gmail.com
User45,user45@gmail.com
User46,user46@gmail.com
User47,user47@gmail.com
User48,user48@gmail.com
User49,user49@gmail.com
User50,user50@gmail.com
User51,user51@gmail.com
User52,user52@gmail.com
User53,user53@gmail.com
User54,user54@gmail.com
User55,user55@gmail.com
User56,user56@gmail.com
User57,user57@gmail.com
User58,user58@gmail.com
User59,user59@gmail.com
User60,user60@gmail.com
User61,user61@gmail.com
User62,user62@gmail.com
User63,user63@gmail.com
User64,user64@gmail.com
User65,user65@gmail.com
User66,user66@gmail.com
User67,user67@gmail.com
User68,user68@gmail.com
User69,user69@gmail.com
User70,user70@gmail.com
User71,user71@gmail.com
User72,user72@gmail.com
User73,user73@gmail.com
User74,user74@gmail.com
User75,user75@gmail.com
User76,user76@gmail.com
User77,user77@gmail.com
User78,user78@gmail.com
User79,user79@gmail.com
User80,user80@gmail.com
User81,user81@gmail.com
User82,user82@gmail.com
User83,user83@gmail.com
User84,user84@gmail.com
User85,user85@gmail.com
User86,user86@gmail.com
User87,user87@gmail.com
User88,user88@gmail.com
User89,user89@gmail.com
User90,user90@gmail.com
User91,user91@gmail.com
User92,user92@gmail.com
User93,user93@gmail.com
User94,user94@gmail.com
User95,user95@gmail.com
User96,user96@gmail.com
User97,user97@gmail.com
User98,user98@gmail.com
User99,user99@gmail.com
User100,user100@gmail.com
User101,user101@gmail.com
User102,user102@gmail.com
User103,user103@gmail.com
User104,user104@gmail.com
User105,user105@gmail.com
User106,user106@gmail.com
User107,user107@gmail.com
User108,user108@gmail.com
User109,user109@gmail.com
User110,user110@gmail.com
User111,user111@gmail.com
User112,user112@gmail.com
User113,user113@gmail.com
User114,user114@gmail.com
User115,user115@gmail.com
User116,user116@gmail.com
User117,user117@gmail.com
User118,user118@gmail.com
User119,user119@gmail.com
User120,user120@gmail.com
User121,user121@gmail.com
User122,user122@gmail.com
User123,user123@gmail.com
User124,user124@gmail.com
User125,user125@gmail.com
User126,user126@gmail.com
User127,user127@gmail.com
User128,user128@gmail.com
User129,user129@gmail.com
User130,user130@gmail.com
User131,user131@gmail.com
User132,user132@gmail.com
User133,user133@gmail.com
User134,user134@gmail.com
User135,user135@gmail.com
User136,user136@gmail.com
User137,user137@gmail.com
User138,user138@gmail.com
User139,user139@gmail.com
User140,user140@gmail.com
User141,user141@gmail.com
User142,user142@gmail.com
User143,user143@gmail.com
User144,user144@gmail.com
User145,user145@gmail.com
User146,user146@gmail.com
User147,user147@gmail.com
User148,user148@gmail.com
User149,user149@gmail.com
User150,user150@gmail.com
User151,user151@gmail.com
User152,user152@gmail.com
User153,user153@gmail.com
User154,user154@gmail.com
User155,user155@gmail.com
User156,user156@gmail.com
User157,user157@gmail.com
User158,user158@gmail.com
User159,user159@gmail.com
User160,user160@gmail.com
User161,user161@gmail.com
User162,user162@gmail.com
User163,user163@gmail.com
User164,user164@gmail.com
User165,user165@gmail.com
User166,user166@gmail.com
User167,user167@gmail.com
User168,user168@gmail.com
User169,user169@gmail.com
User170,user170@gmail.com
User171,user171@gmail.com
User172,user172@gmail.com
User173,user173@gmail.com
User174,user174@gmail.com
User175,user175@gmail.com
User176,user176@gmail.com
User177,user177@gmail.com
User178,user178@gmail.com
User179,user179@gmail.com
User180,user180@gmail.com
User181,user181@gmail.com
User182,user182@gmail.com
User183,user183@gmail.com
User184,user184@gmail.com
User185,user185@gmail.com
User186,user186@gmail.com
User187,user187@gmail.com
User188,user188@gmail.com
User189,user189@gmail.com
User190,user190@gmail.com
User191,user191@gmail.com
User192,user192@gmail.com
User193,user193@gmail.com
User194,user194@gmail.com
User195,user195@gmail.com
User196,user196@gmail.com
User197,user197@gmail.com
User198,user198@gmail.com
User199,user199@gmail.com
User200,user200@gmail.com
User201,user201@gmail.com
User202,user202@gmail.com
User203,user203@gmail.com
User204,user204@gmail.com
User205,user205@gmail.com
User206,user206@gmail.com
User207,user207@gmail.com
User208,user208@gmail.com
User209,user209@gmail.com
User210,user210@gmail.com
User211,user211@gmail.com
User212,user212@gmail.com
User213,user213@gmail.com
User214,user214@gmail.com
User215,user215@gmail.com
User216,user216@gmail.com
User217,user217@gmail.com
User218,user218@gmail.com
User219,user219@gmail.com
User220,user220@gmail.com
User221,user221@gmail.com
User222,user222@gmail.com
User223,user223@gmail.com
User224,user224@gmail.com
User225,user225@gmail.com
User226,user226@gmail.com
User227,user227@gmail.com
User228,user228@gmail.com
User229,user229@gmail.com
User230,user230@gmail.com
User231,user231@gmail.com
User232,user232@gmail.com
User233,user233@gmail.com
User234,user234@gmail.com
User235,user235@gmail.com
User236,user236@gmail.com
User237,user237@gmail.com
User238,user238@gmail.com
User239,user239@gmail.com
User240,user240@gmail.com
User241,user241@gmail.com
User242,user242@gmail.com
User243,user243@gmail.com
User244,user244@gmail.com
User245,user245@gmail.com
User246,user246@gmail.com
User247,user247@gmail.com
User248,user248@gmail.com
User249,user249@gmail.com
User250,user250@gmail.com
User251,user251@gmail.com
User252,user252@gmail.com
User253,user253@gmail.com
User254,user254@gmail.com
User255,user255@gmail.com
User256,user256@gmail.com
User257,user257@gmail.com
User258,user258@gmail.com
User259,user259@gmail.com
User260,user260@gmail.com
User261,user261@gmail.com
User262,user262@gmail.com
User263,user263@gmail.com
User264,user264@gmail.com
User265,user265@gmail.com
User266,user266@gmail.com
User267,user267@gmail.com
User268,user268@gmail.com
User269,user269@gmail.com
User270,user270@gmail.com
User271,user271@gmail.com
User272,user272@gmail.com
User273,user273@gmail.com
User274,user274@gmail.com
User275,user275@gmail.com
User276,user276@gmail.com
User277,user277@gmail.com
User278,user278@gmail.com
User279,user279@gmail.com
User280,user280@gmail.com
User281,user281@gmail.com
User282,user282@gmail.com
User283,user283@gmail.com
User284,user284@gmail.com
User285,user285@gmail.com
User286,user286@gmail.com
User287,user287@gmail.com
User288,user288@gmail.com
User289,user289@gmail.com
User290,user290@gmail.com
User291,user291@gmail.com
User292,user292@gmail.com
User293,user293@gmail.com
User294,user294@gmail.com
User295,user295@gmail.com
User296,user296@gmail.com
User297,user297@gmail.com
User298,user298@gmail.com
User299,user299@gmail.com
User300,user300@gmail.com
User301,user301@gmail.com
User302,user302@gmail.com
User303,user303@gmail.com
User304,user304@gmail.com
User305,user305@gmail.com
User306,user306@gmail.com
User307,user307@gmail.com
User308,user308@gmail.com
User309,user309@gmail.com
User310,user310@gmail.com
User311,user311@gmail.com
User312,user312@gmail.com
User313,user313@gmail.com
User314,user314@gmail.com
User315,user315@gmail.com
User316,user316@gmail.com
User317,user317@gmail.com
User318,user318@gmail.com
User319,user319@gmail.com
User320,user320@gmail.com
User321,user321@gmail.com
User322,user322@gmail.com
User323,user323@gmail.com
User324,user324@gmail.com
User325,user325@gmail.com
User326,user326@gmail.com
User327,user327@gmail.com
User328,user328@gmail.com
User329,user329@gmail.com
User330,user330@gmail.com
User331,user331@gmail.com
User332,user332@gmail.com
User333,user333@gmail.com
User334,user334@gmail.com
User335,user335@gmail.com
User336,user336@gmail.com
User337,user337@gmail.com
User338,user338@gmail.com
User339,user339@gmail.com
User340,user340@gmail.com
User341,user341@gmail.com
User342,user342@gmail.com
User343,user343@gmail.com
User344,user344@gmail.com
User345,user345@gmail.com
User346,user346@gmail.com
User347,user347@gmail.com
User348,user348@gmail.com
User349,user349@gmail.com
User350,user350@gmail.com
User351,user351@gmail.com
User352,user352@gmail.com
User353,user353@gmail.com
User354,user354@gmail.com
User355,user355@gmail.com
User356,user356@gmail.com
User357,user357@gmail.com
User358,user358@gmail.com
User359,user359@gmail.com
User360,user360@gmail.com
User361,user361@gmail.com
User362,user362@gmail.com
User363,user363@gmail.com
User364,user364@gmail.com
User365,user365@gmail.com
User366,user366@gmail.com
User367,user367@gmail.com
User368,user368@gmail.com
User369,user369@gmail.com
User370,user370@gmail.com
User371,user371@gmail.com
User372,user372@gmail.com
User373,user373@gmail.com
User374,user374@gmail.com
User375,user375@gmail.com
User376,user376@gmail.com
User377,user377@gmail.com
User378,user378@gmail.com
User379,user379@gmail.com
User380,user380@gmail.com
User381,user381@gmail.com
User382,user382@gmail.com
User383,user383@gmail.com
User384,user384@gmail.com
User385,user385@gmail.com
User386,user386@gmail.com
User387,user387@gmail.com
User388,user388@gmail.com
User389,user389@gmail.com
User390,user390@gmail.com
User391,user391@gmail.com
User392,user392@gmail.com
User393,user393@gmail.com
User394,user394@gmail.com
User395,user395@gmail.com
User396,user396@gmail.com
User397,user397@gmail.com
User398,user398@gmail.com
User399,user399@gmail.com
User400,user400@gmail.com
User401,user401@gmail.com
User402,user402@gmail.com
User403,user403@gmail.com
User404,user404@gmail.com
User405,user405@gmail.com
User406,user406@gmail.com
User407,user407@gmail.com
User408,user408@gmail.com
User409,user409@gmail.com
User410,user410@gmail.com
User411,user411@gmail.com
User412,user412@gmail.com
User413,user413@gmail.com
User414,user414@gmail.com
User415,user415@gmail.com
User416,user416@gmail.com
User417,user417@gmail.com
User418,user418@gmail.com
User419,user419@gmail.com
User420,user420@gmail.com
User421,user421@gmail.com
User422,user422@gmail.com
User423,user423@gmail.com
User424,user424@gmail.com
User425,user425@gmail.com
User426,user426@gmail.com
User427,user427@gmail.com
User428,user428@gmail.com
User429,user429@gmail.com
User430,user430@gmail.com
User431,user431@gmail.com
User432,user432@gmail.com
User433,user433@gmail.com
User434,user434@gmail.com
User435,user435@gmail.com
User436,user436@gmail.com
User437,user437@gmail.com
User438,user438@gmail.com
User439,user439@gmail.com
User440,user440@gmail.com
User441,user441@gmail.com
User442,user442@gmail.com
User443,user443@gmail.com
User444,user444@gmail.com
User445,user445@gmail.com
User446,user446@gmail.com
User447,user447@gmail.com
User448,user448@gmail.com
User449,user449@gmail.com
User450,user450@gmail.com
User451,user451@gmail.com
User452,user452@gmail.com
User453,user453@gmail.com
User454,user454@gmail.com
User455,user455@gmail.com
User456,user456@gmail.com
User457,user457@gmail.com
User458,user458@gmail.com
User459,user459@gmail.com
User460,user460@gmail.com
User461,user461@gmail.com
User462,user462@gmail.com
User463,user463@gmail.com
User464,user464@gmail.com
User465,user465@gmail.com
User466,user466@gmail.com
User467,user467@gmail.com
User468,user468@gmail.com
User469,user469@gmail.com
User470,user470@gmail.com
User471,user471@gmail.com
User472,user472@gmail.com
User473,user473@gmail.com
User474,user474@gmail.com
User475,user475@gmail.com
User476,user476@gmail.com
User477,user477@gmail.com
User478,user478@gmail.com
User479,user479@gmail.com
User480,user480@gmail.com
User481,user481@gmail.com
User482,user482@gmail.com
User483,user483@gmail.com
User484,user484@gmail.com
User485,user485@gmail.com
User486,user486@gmail.com
User487,user487@gmail.com
User488,user488@gmail.com
User489,user489@gmail.com
User490,user490@gmail.com
User491,user491@gmail.com
User492,user492@gmail.com
User493,user493@gmail.com
User494,user494@gmail.com
User495,user495@gmail.com
User496,user496@gmail.com
User497,user497@gmail.com
User498,user498@gmail.com
User499,user499@gmail.com
User500,user500@gmail.com
